url_path,views_total,views_unique
/ascsn/professionalwebsites/tree/main/modern/nextjs-blog,5,1
/ascsn/professionalwebsites,4,1
/ascsn/professionalwebsites/tree/main/.github/workflows,3,1
/ascsn/professionalwebsites/tree/main/modern/nextjs-blog/posts,3,1
/ascsn/professionalwebsites/blob/main/.github/workflows/gh-stats.yml,2,1
/ascsn/professionalwebsites/blob/main/modern/nextjs-blog/posts/adding-posts.md,2,1
/ascsn/professionalwebsites/tree/main/.devcontainer,2,1
/ascsn/professionalwebsites/tree/main/modern/nextjs-blog/components,2,1
/ascsn/professionalwebsites/tree/main/modern/nextjs-blog/pages,2,1
/ascsn/professionalwebsites/tree/main/modern/nextjs-blog/pages/posts,2,1
